SSA,C%,H/C,O/C,E,S,A,B,V,log(Kd)
0.04,0.683574879,0.147232038,0.157832744,1.73,1.55,0.47,0.45,1.8088,1.380470599
0.04,0.6325811,0.1393534,0.220735786,1.73,1.55,0.47,0.45,1.8088,1.579576839
0.04,0.592296853,0.132170235,0.278086175,1.73,1.55,0.47,0.45,1.8088,1.703839434
0.04,0.444276349,0.094589482,0.578130912,1.73,1.55,0.47,0.45,1.8088,2.015285428
0.04,0.654810932,0.142938822,0.192109777,1.73,1.55,0.47,0.45,1.8088,1.825297374
0.04,0.597328244,0.133120341,0.270500532,1.73,1.55,0.47,0.45,1.8088,1.647180219
0.04,0.457241005,0.098853302,0.544088573,1.73,1.55,0.47,0.45,1.8088,1.935532067
0.04,0.388291247,0.072907553,0.751239428,1.73,1.55,0.47,0.45,1.8088,1.625203268
0.04,0.6325811,0.1393534,0.220735786,0.9,1.37,0.69,0.45,1.1313,-0.147811455
0.04,0.592296853,0.132170235,0.278086175,0.9,1.37,0.69,0.45,1.1313,-0.077542385
0.04,0.444276349,0.094589482,0.578130912,0.9,1.37,0.69,0.45,1.1313,0.083611585
0.04,0.597328244,0.133120341,0.270500532,0.9,1.37,0.69,0.45,1.1313,0.052046681
0.04,0.457241005,0.098853302,0.544088573,0.9,1.37,0.69,0.45,1.1313,0.333029645
0.04,0.388291247,0.072907553,0.751239428,0.9,1.37,0.69,0.45,1.1313,0.439705763
0.029,0.962,0.16,0.038986355,1.93,1.28,0.0,0.28,1.4544,3.06694679
0.037,0.8847,0.14,0.130378096,1.93,1.28,0.0,0.28,1.4544,2.315753252
0.036,0.866,0.14,0.154798762,1.93,1.28,0.0,0.28,1.4544,2.447158031
0.052,0.912,0.15,0.085543199,1.93,1.28,0.0,0.28,1.4544,2.342422681
0.056,0.8751,0.14,0.142653352,1.93,1.28,0.0,0.28,1.4544,2.723103684
0.053,0.87,0.14,0.149476831,1.93,1.28,0.0,0.28,1.4544,2.801632346
0.05,0.8571,0.1667,0.0,2.2,2.34,0.7,2.52,2.3047,1.756636108
0.0375,0.9231,0.0833,0.0,2.2,2.34,0.7,2.52,2.3047,1.711807229
0.06,0.384,0.125,0.0,2.2,2.34,0.7,2.52,2.3047,1.618048097
0.05,0.8571,0.1667,0.0,2.2,2.34,0.7,2.52,2.3047,1.741151599
0.04,0.6372,0.1528,0.2222,2.2,2.34,0.7,2.52,2.3047,1.984527313
0.05,0.8571,0.1667,0.0,1.89,2.5,0.21,1.69,2.1813,0.98721923
0.0375,0.9231,0.0833,0.0,1.89,2.5,0.21,1.69,2.1813,0.978180517
0.06,0.384,0.125,0.0,1.89,2.5,0.21,1.69,2.1813,0.924795996
0.05,0.8571,0.1667,0.0,1.89,2.5,0.21,1.69,2.1813,0.923244019
0.04,0.6372,0.1528,0.2222,1.89,2.5,0.21,1.69,2.1813,1.23299611
0.05,0.8571,0.1667,0.0,2.08,2.55,0.65,1.37,1.7225,0.894869657
0.0375,0.9231,0.0833,0.0,2.08,2.55,0.65,1.37,1.7225,0.868644438
0.06,0.384,0.125,0.0,2.08,2.55,0.65,1.37,1.7225,0.820201459
0.05,0.8571,0.1667,0.0,2.08,2.55,0.65,1.37,1.7225,0.791690649
0.04,0.6372,0.1528,0.2222,2.08,2.55,0.65,1.37,1.7225,0.866877814
3.1,0.849,0.21,0.0,0.85,1.14,0.0,0.27,0.8906,2.123851641
3.1,0.849,0.21,0.0,0.87,1.11,0.0,0.28,1.0315,2.423245874
3.1,0.849,0.21,0.0,1.15,1.6,0.0,0.47,1.0648,1.857332496
3.1,0.849,0.21,0.0,0.87,1.11,0.0,0.28,1.0315,2.588831726
3.1,0.849,0.21,0.0,1.15,1.58,0.0,0.49,1.2057,2.348304863
3.1,0.849,0.21,0.0,1.18,0.92,0.0,0.0,1.206,3.887110703
3.1,0.849,0.21,0.0,1.28,1.63,0.0,0.42,1.1872,2.477121255
3.1,0.849,0.21,0.0,0.96,0.82,0.54,0.17,1.0199,2.691081492
3.1,0.849,0.21,0.0,1.34,0.92,0.0,0.2,1.0854,2.931966115
3.1,0.849,0.21,0.0,1.68,1.79,0.0,1.24,2.1452,2.214843848
3.1,0.849,0.21,0.0,2.21,2.11,0.83,1.0,1.5757,1.740362689
2.3,0.5507,0.2241,0.0,0.85,1.14,0.0,0.27,0.8906,2.136720567
2.3,0.5507,0.2241,0.0,0.87,1.11,0.0,0.28,1.0315,2.471291711
2.3,0.5507,0.2241,0.0,1.15,1.6,0.0,0.47,1.0648,1.880813592
2.3,0.5507,0.2241,0.0,0.87,1.11,0.0,0.28,1.0315,2.511883361
2.3,0.5507,0.2241,0.0,1.18,0.92,0.0,0.0,1.206,4.694517454
2.3,0.5507,0.2241,0.0,1.28,1.63,0.0,0.42,1.1872,2.477121255
2.3,0.5507,0.2241,0.0,0.96,0.82,0.54,0.17,1.0199,2.617000341
2.3,0.5507,0.2241,0.0,1.34,0.92,0.0,0.2,1.0854,3.446381812
2.3,0.5507,0.2241,0.0,1.68,1.79,0.0,1.24,2.1452,1.924279286
2.3,0.5507,0.2241,0.0,2.21,2.11,0.83,1.0,1.5757,1.662757832
0.04,0.563,0.1627,0.5933,1.93,1.28,0.0,0.28,1.4544,4.397940009
0.04,0.563,0.1627,0.5933,2.81,1.71,0.0,0.28,1.5846,5.08278537
0.04,0.563,0.1627,0.5933,1.6,1.59,0.0,0.29,1.2596,2.853698212
0.04,0.563,0.1627,0.5933,1.67,1.26,0.2,0.57,1.1852,2.705007959
0.04,0.563,0.1627,0.5933,1.22,1.29,0.17,1.01,1.6196,1.837588438
0.04,0.622,0.1768,0.4534,1.93,1.28,0.0,0.28,1.4544,4.50242712
0.04,0.622,0.1768,0.4534,2.81,1.71,0.0,0.28,1.5846,5.152288344
0.04,0.622,0.1768,0.4534,1.6,1.59,0.0,0.29,1.2596,2.968949681
0.04,0.622,0.1768,0.4534,1.67,1.26,0.2,0.57,1.1852,2.71432976
0.04,0.622,0.1768,0.4534,1.22,1.29,0.17,1.01,1.6196,1.764176132
0.1,0.635,0.1444,0.4126,1.6,1.59,0.0,0.29,1.2596,3.176091259
0.19,0.9,0.1156,0.0316,2.81,1.71,0.0,0.28,1.5846,3.250420002
0.19,0.9,0.1156,0.0316,1.6,1.59,0.0,0.29,1.2596,1.979092901
0.19,0.9,0.1156,0.0316,1.67,1.26,0.2,0.57,1.1852,1.471291711
0.065934066,0.857142857,0.166666667,4.17e-07,2.47,1.73,0.0,0.53,1.6286,4.253822439
0.014094433,0.857142857,0.166666667,4.17e-07,1.42,2.18,0.0,0.63,2.0844,1.664207898
0.93,0.923076923,0.083333333,1.04e-07,1.83,1.8,0.34,1.11,2.2519,-0.159893906
0.864,0.625,0.066666667,0.533333333,0.92,1.08,0.67,0.21,0.8975,0.998695158
0.864,0.625,0.066666667,0.533333333,1.01,0.8,0.6,0.15,1.1423,0.608526034
0.042,0.384,0.125,4.17e-07,2.01,2.34,0.98,1.23,2.3946,1.48258595
0.042,0.384,0.125,4.17e-07,1.8,1.77,0.86,1.1,2.1988,1.192097565
0.042,0.384,0.125,4.17e-07,2.01,2.34,0.98,1.23,2.3946,1.255137793
0.042,0.384,0.125,4.17e-07,1.8,1.77,0.86,1.1,2.1988,1.955304679
0.042,0.384,0.125,4.17e-07,2.01,2.34,0.98,1.23,2.3946,2.110808623
0.042,0.384,0.125,4.17e-07,2.01,2.34,0.98,1.23,2.3946,1.773377037
0.042,0.384,0.125,4.17e-07,2.01,2.34,0.98,1.23,2.3946,1.599918979
0.102298302,0.857142857,0.166666667,0.02,1.73,1.55,0.47,0.45,1.8088,3.113943352
0.132135307,0.857142857,0.166666667,0.04,1.73,1.55,0.47,0.45,1.8088,3.204119983
0.634249471,0.857142857,0.166666667,0.09,1.73,1.55,0.47,0.45,1.8088,3.62838893
0.086,0.857142857,0.166666667,4.17e-07,1.73,1.55,0.47,0.45,1.8088,1.812913357
0.086,0.857142857,0.166666667,4.17e-07,0.96,0.82,0.54,0.17,1.0199,1.612783857
0.086,0.857142857,0.166666667,4.17e-07,1.06,1.13,0.3,0.31,0.9386,1.361727836
0.448,0.384,0.125,4.17e-07,1.06,1.13,0.3,0.31,0.9386,1.681241237
0.2367,0.857142857,0.166666667,4.17e-07,1.8,1.77,0.86,1.1,2.1988,0.634069944
0.7183,0.923076923,0.083333333,0.0,1.8,1.77,0.86,1.1,2.1988,1.107450929
1.2041,0.857142857,0.166666667,0.05,1.8,1.77,0.86,1.1,2.1988,0.72092884
0.9041,0.384,0.125,0.4,1.8,1.77,0.86,1.1,2.1988,0.47772393
1.7407,0.923076923,0.083333333,0.1,1.8,1.77,0.86,1.1,2.1988,1.372370563
0.072,0.8998,0.166666667,0.09,3.5,3.6,1.35,3.29,3.0992,1.346666835
0.046,0.9287,0.125,0.08,3.5,3.6,1.35,3.29,3.0992,0.913696678
0.065,0.8725,0.125,0.014,3.5,3.6,1.35,3.29,3.0992,1.135027065
0.033,0.857142857,0.166666667,4.17e-07,2.38,1.55,0.0,0.24,1.5846,3.839854985
0.0061,0.857142857,0.166666667,4.17e-07,2.38,1.55,0.0,0.24,1.5846,3.152594078
0.033,0.857142857,0.166666667,4.17e-07,2.06,1.29,0.0,0.26,1.4544,2.919182729
0.0061,0.857142857,0.166666667,4.17e-07,2.06,1.29,0.0,0.26,1.4544,2.462248215
6.447,0.384,0.125,4.17e-07,1.47,1.46,0.67,0.48,0.8642,2.740362689
0.621,0.923076923,0.083333333,0.1,1.98,2.5,0.05,2.39,2.2724,1.372912003
0.265,0.857142857,0.166666667,4.17e-07,1.98,2.5,0.05,2.39,2.2724,0.716003344
0.2341,0.857142857,0.166666667,4.17e-07,2.2,2.34,0.7,2.52,2.3047,1.136720567
2.088,0.857142857,0.166666667,4.17e-07,1.03,0.86,0.0,0.0,1.0836,3.954242509
2.088,0.857142857,0.166666667,4.17e-07,0.99,1.72,0.0,0.6,2.2,4.373573981
5.971,0.857142857,0.166666667,4.17e-07,1.33,0.92,0.06,0.0,1.3284,4.50194886
5.971,0.857142857,0.166666667,4.17e-07,1.49,0.99,0.0,0.0,1.4508,4.556302501
5.971,0.857142857,0.166666667,4.17e-07,0.99,1.72,0.0,0.6,2.2,4.634235368
23.024,0.923076923,0.083333333,0.036,1.65,1.63,0.0,0.62,1.7391,2.698970004
2.573,0.923076923,0.083333333,0.036,1.65,1.63,0.0,0.62,1.7391,2.372912003
1.792,0.923076923,0.083333333,0.036,1.65,1.63,0.0,0.62,1.7391,2.288249226
2.866,0.857142857,0.166666667,4.17e-07,1.65,1.63,0.0,0.62,1.7391,2.288472801
3.333,0.857142857,0.166666667,4.17e-07,1.65,1.63,0.0,0.62,1.7391,2.342422681
2.964,0.857142857,0.166666667,0.03,1.22,1.29,0.17,1.011,1.6196,1.683947131
2.184,0.857142857,0.166666667,0.03,1.22,1.29,0.17,1.011,1.6196,1.866287339
0.006,0.625,0.066666667,0.533333333,1.07,1.72,0.82,0.26,0.9493,3.23146959
0.006,0.625,0.066666667,0.533333333,1.07,1.72,0.82,0.26,0.9493,3.23146959
0.006,0.625,0.066666667,0.77037037,1.07,1.72,0.82,0.26,0.9493,3.569841899
0.006,0.625,0.066666667,0.77037037,1.07,1.72,0.82,0.26,0.9493,3.569841899
1.5,0.857142857,0.166666667,4.17e-07,1.73,1.55,0.47,0.45,1.8088,4.585020572
1.0,0.384,0.125,4.17e-07,1.73,1.55,0.47,0.45,1.8088,3.399846713
2.272727273,0.857142857,0.166666667,4.17e-07,2.18,1.74,0.0,0.11,2.0586,1.471903945
2.272727273,0.857142857,0.166666667,4.17e-07,2.18,1.74,0.0,0.11,2.0586,1.357573507
2.272727273,0.857142857,0.166666667,4.17e-07,2.29,1.87,0.0,0.09,2.181,1.269762538
0.434782609,0.625,0.066666667,0.533333333,1.76,1.33,0.0,0.15,1.6914,1.816099211
0.434782609,0.625,0.066666667,0.533333333,2.04,1.61,0.0,0.13,1.9362,1.664305896
0.434782609,0.625,0.066666667,0.533333333,2.06,1.9,0.0,0.11,1.9362,1.19480536
0.031712474,0.857142857,0.166666667,4.17e-07,1.8,1.77,0.68,1.1,2.1988,3.645201983
0.021141649,0.857142857,0.166666667,4.17e-07,1.8,1.77,0.68,1.1,2.1988,3.601296497
0.0625,0.923076923,0.083333333,1.04e-07,1.8,1.77,0.68,1.1,2.1988,3.425780724
0.03125,0.923076923,0.083333333,1.04e-07,1.8,1.77,0.68,1.1,2.1988,3.392780463
0.020833333,0.923076923,0.083333333,1.04e-07,1.8,1.77,0.68,1.1,2.1988,3.318146845
0.0125,0.923076923,0.083333333,1.04e-07,1.8,1.77,0.68,1.1,2.1988,3.210936875
0.149596091,0.637168142,0.152777778,0.222222222,2.53,3.3,1.15,2.6,2.4399,1.904174368
0.0532,0.857142857,0.166666667,4.17e-07,3.5,3.6,1.35,3.29,3.0992,2.204391332
0.0481,0.857142857,0.166666667,0.03,3.5,3.6,1.35,3.29,3.0992,2.210586025
2.3,0.857142857,0.166666667,4.17e-07,1.54,1.45,0.24,1.44,2.4113,1.369215857
2.3,0.857142857,0.166666667,4.17e-07,2.59,2.0,0.0,2.3,2.9165,0.602059991
2.3,0.857142857,0.166666667,4.17e-07,1.25,1.32,0.18,0.98,1.4787,-0.15490196
2.3,0.857142857,0.166666667,4.17e-07,1.19,1.26,0.14,0.91,1.7605,1.130333768
2.3,0.857142857,0.166666667,4.17e-07,1.22,1.29,0.17,1.01,1.6196,0.146128036
2.3,0.857142857,0.166666667,4.17e-07,1.11,1.53,0.0,1.25,2.2811,1.250420002
1.96,0.857142857,0.166666667,4.17e-07,1.54,1.45,0.24,1.44,2.4113,1.411619706
1.96,0.857142857,0.166666667,4.17e-07,2.59,2.0,0.0,2.3,2.9165,1.008600172
1.96,0.857142857,0.166666667,4.17e-07,1.25,1.32,0.18,0.98,1.4787,0.113943352
1.96,0.857142857,0.166666667,4.17e-07,1.19,1.26,0.14,0.91,1.7605,1.371067862
1.96,0.857142857,0.166666667,4.17e-07,1.22,1.29,0.17,1.01,1.6196,0.531478917
1.96,0.857142857,0.166666667,4.17e-07,1.11,1.53,0.0,1.25,2.2811,1.173186268
2.08,0.857142857,0.166666667,4.17e-07,1.54,1.45,0.24,1.44,2.4113,1.603144373
2.08,0.857142857,0.166666667,4.17e-07,2.59,2.0,0.0,2.3,2.9165,0.892094603
2.08,0.857142857,0.166666667,4.17e-07,1.25,1.32,0.18,0.98,1.4787,0.0
2.08,0.857142857,0.166666667,4.17e-07,1.19,1.26,0.14,0.91,1.7605,1.342422681
2.08,0.857142857,0.166666667,4.17e-07,1.22,1.29,0.17,1.01,1.6196,0.414973348
2.08,0.857142857,0.166666667,4.17e-07,1.11,1.53,0.0,1.25,2.2811,1.439332694
1.95,0.857142857,0.166666667,4.17e-07,1.54,1.45,0.24,1.44,2.4113,1.392696953
1.95,0.857142857,0.166666667,4.17e-07,2.59,2.0,0.0,2.3,2.9165,0.0
1.95,0.857142857,0.166666667,4.17e-07,1.25,1.32,0.18,0.98,1.4787,-0.22184875
1.95,0.857142857,0.166666667,4.17e-07,1.22,1.29,0.17,1.01,1.6196,0.176091259
0.095389507,0.857142857,0.166666667,0.182598039,2.2,2.34,0.7,2.52,2.3047,2.733197265
0.071753169,0.637168142,0.152777778,0.244873469,2.2,2.34,0.7,2.52,2.3047,2.826074803
0.077220077,0.923076923,0.083333333,0.263,2.2,2.34,0.7,2.52,2.3047,2.737987326
0.056470588,0.857142857,0.166666667,0.0,2.34,1.77,0.46,0.35,1.6654,2.600057628
0.056470588,0.857142857,0.166666667,0.0,2.92,1.94,0.46,0.28,2.0154,2.624189244
0.3,0.637168142,0.152777778,0.222222222,2.08,2.36,0.78,1.24,2.3946,2.728256359
0.3,0.637168142,0.152777778,0.222222222,1.97,1.74,1.06,1.63,2.2575,2.670245853
1.22,0.5,0.111111111,1.1479,2.2,2.34,0.7,2.52,2.3047,2.563075026
6.0,0.708,0.278389831,0.134,2.13,2.53,0.59,1.53,2.0043,0.376941757
6.0,0.851,0.167097532,0.008,1.93,1.28,0.0,0.28,1.4544,1.474507639
6.0,0.756,0.248941799,0.074,1.93,1.28,0.0,0.28,1.4544,1.503382063
6.0,0.708,0.278389831,0.134,1.93,1.28,0.0,0.28,1.4544,1.525044807
6.0,0.851,0.167097532,0.008,1.34,0.92,0.0,0.2,1.0854,1.368472838
6.0,0.851,0.167097532,0.008,2.81,1.71,0.0,0.28,1.5846,1.600972896
6.0,0.756,0.248941799,0.074,2.81,1.71,0.0,0.28,1.5846,1.65079304
0.379,0.9625,0.166666667,0.0313,2.11,2.5,0.68,1.4,1.688,1.619788758
0.379,0.9625,0.166666667,0.0313,2.1,2.65,0.65,1.42,1.863,1.494850022
0.379,0.9625,0.166666667,0.0313,1.85,1.91,0.68,1.72,2.073,1.920818754
0.379,0.9625,0.166666667,0.0313,1.31,1.3,0.32,1.52,2.375,1.853871964
0.428,0.857142857,0.166666667,4.17e-07,1.61,1.56,0.99,0.91,1.8643,1.139879086
0.257,0.857142857,0.166666667,4.17e-07,1.61,1.56,0.99,0.91,1.8643,0.903089987
0.415,0.857142857,0.166666667,4.17e-07,1.61,1.56,0.99,0.91,1.8643,1.170261715
0.946,0.857142857,0.166666667,4.17e-07,1.61,1.56,0.99,0.91,1.8643,0.342422681
1.03,0.384,0.125,4.17e-07,1.61,1.56,0.99,0.91,1.8643,1.274157849
0.54,0.637168142,0.152777778,0.222222222,1.61,1.56,0.99,0.91,1.8643,4.882450537
0.487,0.625,0.066666667,0.533333333,1.61,1.56,0.99,0.91,1.8643,0.544068044
0.951,0.591240876,0.111111111,0.49382716,1.61,1.56,0.99,0.91,1.8643,2.961421094
0.095226003,0.857142857,0.166666667,4.17e-07,3.5,3.6,1.35,3.29,3.1,1.395116153
0.092591164,0.857142857,0.166666667,0.2,3.5,3.6,1.35,3.29,3.1,1.330590843
0.067600787,0.923076923,0.083333333,0.0,3.5,3.6,1.35,3.29,3.1,1.523461781
0.104748603,0.857142857,0.166666667,4.17e-07,3.5,3.6,1.35,3.29,3.1,1.433763735
0.10185028,0.857142857,0.166666667,0.2,3.5,3.6,1.35,3.29,3.1,1.410465111
0.073746313,0.923076923,0.083333333,0.1,3.5,3.6,1.35,3.29,3.1,1.599876092
0.114271204,0.857142857,0.166666667,0.2,3.5,3.6,1.35,3.29,3.1,1.446939089
0.227272727,0.857142857,0.166666667,4.17e-07,2.0,1.45,0.45,1.0,1.3613,0.558948446
0.227272727,0.857142857,0.166666667,4.17e-07,0.74,1.17,0.45,1.22,1.4788,0.421274791
0.227272727,0.857142857,0.166666667,4.17e-07,1.87,1.17,0.18,0.97,1.9948,2.71009874
4.347826087,0.384,0.125,4.17e-07,1.73,1.55,0.47,0.45,1.8088,3.130333768
0.058754407,0.384,0.125,4.17e-07,1.73,1.55,0.47,0.45,1.8088,3.021189299
0.401,0.857142857,0.166666667,4.17e-07,1.22,1.29,0.17,1.01,1.6196,0.628593256
0.142,0.857142857,0.166666667,4.17e-07,1.22,1.29,0.17,1.01,1.6196,0.45909079
0.317,0.857142857,0.166666667,4.17e-07,1.22,1.29,0.17,1.01,1.6196,0.506910726
0.268,0.384,0.125,4.17e-07,1.22,1.29,0.17,1.01,1.6196,-0.503070352
0.29,0.384,0.125,4.17e-07,1.22,1.29,0.17,1.01,1.6196,-0.301029996
0.332,0.384,0.125,4.17e-07,1.22,1.29,0.17,1.01,1.6196,-0.721246399
2.088,0.857142857,0.166666667,4.17e-07,1.34,0.92,0.0,0.2,1.0854,3.681241237
0.66,0.857142857,0.166666667,4.17e-07,1.34,0.92,0.0,0.2,1.0854,3.886587246
5.791,0.857142857,0.166666667,4.17e-07,1.34,0.92,0.0,0.2,1.0854,3.997095009
0.248,0.857142857,0.166666667,4.17e-07,1.34,0.92,0.0,0.2,1.0854,3.407083388
0.164,0.625,0.066666667,0.533333333,1.34,0.92,0.0,0.2,1.0854,3.910337024
0.15,0.857142857,0.166666667,2.78e-07,1.34,0.92,0.0,0.2,1.0854,3.49560466
0.094,0.5,0.111111111,0.888888889,1.34,0.92,0.0,0.2,1.0854,2.610177882
2.088,0.857142857,0.166666667,4.17e-07,1.5,1.06,0.0,0.25,1.3565,3.607261185
0.66,0.857142857,0.166666667,4.17e-07,1.5,1.06,0.0,0.25,1.3565,4.030575912
0.248,0.857142857,0.166666667,4.17e-07,1.5,1.06,0.0,0.25,1.3565,3.316824263
0.164,0.625,0.066666667,0.533333333,1.5,1.06,0.0,0.25,1.3565,3.930439595
0.15,0.857142857,0.166666667,2.78e-07,1.5,1.06,0.0,0.25,1.3565,3.581608366
0.094,0.5,0.111111111,0.888888889,1.5,1.06,0.0,0.25,1.3565,2.770325913
0.66,0.857142857,0.166666667,4.17e-07,2.38,1.55,0.0,0.24,1.5846,4.096214585
5.791,0.857142857,0.166666667,4.17e-07,2.38,1.55,0.0,0.24,1.5846,4.163269826
0.248,0.857142857,0.166666667,4.17e-07,2.38,1.55,0.0,0.24,1.5846,3.957447649
0.164,0.625,0.066666667,0.533333333,2.38,1.55,0.0,0.24,1.5846,4.185636577
0.15,0.857142857,0.166666667,2.78e-07,2.38,1.55,0.0,0.24,1.5846,3.686380877
0.094,0.5,0.111111111,0.888888889,2.38,1.55,0.0,0.24,1.5846,2.872978312
2.088,0.857142857,0.166666667,4.17e-07,2.81,1.71,0.0,0.28,1.5846,4.86923172
0.66,0.857142857,0.166666667,4.17e-07,2.81,1.71,0.0,0.28,1.5846,4.871572936
5.791,0.857142857,0.166666667,4.17e-07,2.81,1.71,0.0,0.28,1.5846,5.100370545
0.248,0.857142857,0.166666667,4.17e-07,2.81,1.71,0.0,0.28,1.5846,4.329601248
0.164,0.625,0.066666667,0.533333333,2.81,1.71,0.0,0.28,1.5846,4.802694191
0.15,0.857142857,0.166666667,2.78e-07,2.81,1.71,0.0,0.28,1.5846,3.763427994
0.094,0.5,0.111111111,0.888888889,2.81,1.71,0.0,0.28,1.5846,1.966576245
2.088,0.857142857,0.166666667,4.17e-07,1.34,0.92,0.0,0.2,1.0854,3.750463016
0.66,0.857142857,0.166666667,4.17e-07,1.34,0.92,0.0,0.2,1.0854,4.051509819
5.791,0.857142857,0.166666667,4.17e-07,1.34,0.92,0.0,0.2,1.0854,3.997095009
0.248,0.857142857,0.166666667,4.17e-07,1.34,0.92,0.0,0.2,1.0854,3.394934499
0.164,0.625,0.066666667,0.533333333,1.34,0.92,0.0,0.2,1.0854,3.704342788
0.094,0.5,0.111111111,0.888888889,1.34,0.92,0.0,0.2,1.0854,2.663057448
2.088,0.857142857,0.166666667,4.17e-07,1.5,1.06,0.0,0.25,1.3565,3.850992318
0.66,0.857142857,0.166666667,4.17e-07,1.5,1.06,0.0,0.25,1.3565,4.287457188
5.791,0.857142857,0.166666667,4.17e-07,1.5,1.06,0.0,0.25,1.3565,3.832898764
0.248,0.857142857,0.166666667,4.17e-07,1.5,1.06,0.0,0.25,1.3565,3.583576586
0.164,0.625,0.066666667,0.533333333,1.5,1.06,0.0,0.25,1.3565,3.722353823
0.094,0.5,0.111111111,0.888888889,1.5,1.06,0.0,0.25,1.3565,2.797456406
2.088,0.857142857,0.166666667,4.17e-07,2.38,1.55,0.0,0.24,1.5846,4.287457188
5.791,0.857142857,0.166666667,4.17e-07,2.38,1.55,0.0,0.24,1.5846,4.558903074
0.248,0.857142857,0.166666667,4.17e-07,2.38,1.55,0.0,0.24,1.5846,4.084320886
0.164,0.625,0.066666667,0.533333333,2.38,1.55,0.0,0.24,1.5846,3.915079839
0.15,0.857142857,0.166666667,2.78e-07,2.38,1.55,0.0,0.24,1.5846,3.727984641
0.094,0.5,0.111111111,0.888888889,2.38,1.55,0.0,0.24,1.5846,2.840299157
2.088,0.857142857,0.166666667,4.17e-07,2.81,1.71,0.0,0.28,1.5846,4.86923172
0.66,0.857142857,0.166666667,4.17e-07,2.81,1.71,0.0,0.28,1.5846,4.695799958
5.791,0.857142857,0.166666667,4.17e-07,2.81,1.71,0.0,0.28,1.5846,5.09806659
0.248,0.857142857,0.166666667,4.17e-07,2.81,1.71,0.0,0.28,1.5846,4.231272229
0.164,0.625,0.066666667,0.533333333,2.81,1.71,0.0,0.28,1.5846,4.834102656
0.15,0.857142857,0.166666667,2.78e-07,2.81,1.71,0.0,0.28,1.5846,3.790740378
0.0321,0.637168142,0.152777778,0.222222222,1.59,0.92,0.0,1.01,2.1503,2.75
0.0321,0.637168142,0.152777778,0.32,1.59,0.92,0.0,1.01,2.1503,2.66
0.022140221,0.637168142,0.152777778,0.222222222,1.59,0.92,0.0,1.01,2.1503,2.48
0.022140221,0.637168142,0.152777778,0.3222,1.59,0.92,0.0,1.01,2.1503,2.58
0.068027211,0.608695652,0.071428571,0.571428571,1.59,0.92,0.0,1.01,2.1503,3.22
0.068027211,0.608695652,0.071428571,0.6714,1.59,0.92,0.0,1.01,2.1503,3.4
0.098,0.608695652,0.071428571,0.571428571,1.59,0.92,0.0,1.01,2.1503,3.86
0.098,0.608695652,0.071428571,0.6714,1.59,0.92,0.0,1.01,2.1503,4.32
0.022140221,0.637168142,0.152777778,0.222222222,2.44,0.95,0.35,1.2,2.0819,3.13
0.022140221,0.637168142,0.152777778,0.32,2.44,0.95,0.35,1.2,2.0819,2.98
0.022140221,0.637168142,0.152777778,0.222222222,2.44,0.95,0.35,1.2,2.0819,3.15
0.022140221,0.637168142,0.152777778,0.3222,2.44,0.95,0.35,1.2,2.0819,3.05
0.068027211,0.608695652,0.071428571,0.571428571,2.44,0.95,0.35,1.2,2.0819,3.73
0.068027211,0.608695652,0.071428571,0.6714,2.44,0.95,0.35,1.2,2.0819,3.83
0.098,0.608695652,0.071428571,0.571428571,2.44,0.95,0.35,1.2,2.0819,4.23
0.098,0.608695652,0.071428571,0.6714,2.44,0.95,0.35,1.2,2.0819,5.72
0.022140221,0.637168142,0.152777778,0.222222222,0.97,1.08,0.0,0.55,2.1734,2.17
0.022140221,0.637168142,0.152777778,0.32,0.97,1.08,0.0,0.55,2.1734,2.58
0.022140221,0.637168142,0.152777778,0.222222222,0.97,1.08,0.0,0.55,2.1734,1.98
0.022140221,0.637168142,0.152777778,0.3222,0.97,1.08,0.0,0.55,2.1734,1.03
0.068027211,0.608695652,0.071428571,0.571428571,0.97,1.08,0.0,0.55,2.1734,3.03
0.068027211,0.608695652,0.071428571,0.6714,0.97,1.08,0.0,0.55,2.1734,2.61
0.068027211,0.608695652,0.071428571,0.571428571,0.97,1.08,0.0,0.55,2.1734,2.66
0.068027211,0.608695652,0.071428571,0.6714,0.97,1.08,0.0,0.55,2.1734,2.57
0.022140221,0.637168142,0.152777778,0.222222222,1.09,1.15,0.0,0.63,9.476,2.3
0.022140221,0.637168142,0.152777778,0.32,1.09,1.15,0.0,0.63,9.476,2.23
0.022140221,0.637168142,0.152777778,0.222222222,1.09,1.15,0.0,0.63,9.476,1.73
0.022140221,0.637168142,0.152777778,0.3222,1.09,1.15,0.0,0.63,9.476,1.01
0.068027211,0.608695652,0.071428571,0.571428571,1.09,1.15,0.0,0.63,9.476,2.58
0.068027211,0.608695652,0.071428571,0.6714,1.09,1.15,0.0,0.63,9.476,2.37
0.068027211,0.608695652,0.071428571,0.571428571,1.09,1.15,0.0,0.63,9.476,2.38
0.068027211,0.608695652,0.071428571,0.6714,1.09,1.15,0.0,0.63,9.476,2.27
0.022140221,0.637168142,0.152777778,0.222222222,1.05,1.06,0.0,0.68,2.3143,1.9
0.022140221,0.637168142,0.152777778,0.32,1.05,1.06,0.0,0.68,2.3143,2.41
0.022140221,0.637168142,0.152777778,0.222222222,1.05,1.06,0.0,0.68,2.3143,1.81
0.022140221,0.637168142,0.152777778,0.3222,1.05,1.06,0.0,0.68,2.3143,0.99
0.068027211,0.608695652,0.071428571,0.571428571,1.05,1.06,0.0,0.68,2.3143,2.36
0.068027211,0.608695652,0.071428571,0.6714,1.05,1.06,0.0,0.68,2.3143,2.21
0.068027211,0.608695652,0.071428571,0.571428571,1.05,1.06,0.0,0.68,2.3143,2.14
0.068027211,0.608695652,0.071428571,0.6714,1.05,1.06,0.0,0.68,2.3143,2.07
0.022140221,0.637168142,0.152777778,0.222222222,1.35,1.9,0.0,0.85,2.2077,2.08
0.022140221,0.637168142,0.152777778,0.32,1.35,1.9,0.0,0.85,2.2077,1.92
0.022140221,0.637168142,0.152777778,0.222222222,1.35,1.9,0.0,0.85,2.2077,2.1
0.022140221,0.637168142,0.152777778,0.3222,1.35,1.9,0.0,0.85,2.2077,0.98
0.068027211,0.608695652,0.071428571,0.571428571,1.35,1.9,0.0,0.85,2.2077,2.92
0.068027211,0.608695652,0.071428571,0.6714,1.35,1.9,0.0,0.85,2.2077,2.87
0.068027211,0.608695652,0.071428571,0.571428571,1.35,1.9,0.0,0.85,2.2077,2.83
0.068027211,0.608695652,0.071428571,0.6714,1.35,1.9,0.0,0.85,2.2077,2.81
0.6,0.923076923,0.083333333,1.04e-07,1.34,0.92,0.0,0.2,1.0854,4.077912703
0.6,0.923076923,0.083333333,1.04e-07,1.67,1.26,0.2,0.57,1.1852,3.781539969
0.6,0.923076923,0.083333333,1.04e-07,1.34,10.94,0.0,0.22,1.2263,4.06595298
0.6,0.923076923,0.083333333,1.04e-07,1.46,1.2,0.65,0.49,1.3007,3.923968965
0.6,0.923076923,0.083333333,1.04e-07,1.52,1.05,0.61,0.37,1.1441,3.802773725
0.6,0.72972973,0.074074074,0.296296296,1.34,0.92,0.0,0.2,1.0854,3.970858057
0.6,0.72972973,0.074074074,0.296296296,1.67,1.26,0.2,0.57,1.1852,3.80078579
0.6,0.72972973,0.074074074,0.296296296,1.34,10.94,0.0,0.22,1.2263,3.998869364
0.6,0.72972973,0.074074074,0.296296296,1.46,1.2,0.65,0.49,1.3007,3.656673046
0.6,0.72972973,0.074074074,0.296296296,1.52,1.05,0.61,0.37,1.1441,3.658106836
0.041666667,0.857142857,0.166666667,4.17e-07,1.16,1.11,0.0,1.14,2.5629,2.956312531
0.044444444,0.857142857,0.166666667,2.78e-07,1.16,1.11,0.0,1.14,2.5629,2.990116766
0.000334448,0.384,0.125,4.17e-07,1.16,1.11,0.0,1.14,2.5629,2.125968963
6.91,0.857142857,0.166666667,4.17e-07,2.81,1.71,0.0,0.28,1.5846,3.683364931
2.35,0.923076923,0.083333333,1.04e-07,2.81,1.71,0.0,0.28,1.5846,3.08773905
1.87,0.384,0.125,4.17e-07,2.81,1.71,0.0,0.28,1.5846,2.882614401
1.0159,0.857142857,0.166666667,4.17e-07,2.75,1.82,0.82,0.36,2.5643,2.789580712
0.2218,0.857142857,0.166666667,2.78e-07,2.75,1.82,0.82,0.36,2.5643,2.996949248
1.9241,0.923076923,0.083333333,1.04e-07,2.75,1.82,0.82,0.36,2.5643,3.354684554
2.6334,0.384,0.125,4.17e-07,2.75,1.82,0.82,0.36,2.5643,3.764475027
0.418,0.857142857,0.166666667,2.78e-07,1.54,1.45,0.24,1.44,2.4113,2.240549248
0.0004,0.857142857,0.166666667,4.17e-07,2.32,1.41,0.0,0.26,2.0829,1.04453976
0.0004,0.857142857,0.166666667,2.78e-07,2.32,1.41,0.0,0.26,2.0829,1.077367905
0.0017,0.637168142,0.152777778,0.222222222,2.32,1.41,0.0,0.26,2.0829,1.135768515
0.0054,0.923076923,0.083333333,1.04e-07,2.32,1.41,0.0,0.26,2.0829,1.155639634
0.223214286,0.857142857,0.166666667,4.17e-07,2.78,2.8,0.01,2.54,2.5043,2.126780577
0.130208333,0.857142857,0.166666667,4.17e-07,2.78,2.8,0.01,2.54,2.5043,2.079543007
0.083333333,0.857142857,0.166666667,4.17e-07,2.78,2.8,0.01,2.54,2.5043,2.071513805
0.025,0.857142857,0.166666667,4.17e-07,2.78,2.8,0.01,2.54,2.5043,2.03702788
0.223214286,0.857142857,0.166666667,4.17e-07,2.78,2.8,0.01,2.54,2.5043,2.125481266
0.130208333,0.857142857,0.166666667,4.17e-07,2.78,2.8,0.01,2.54,2.5043,2.08278537
0.025,0.857142857,0.166666667,4.17e-07,2.78,2.8,0.01,2.54,2.5043,2.035829825
0.138888889,0.857142857,0.166666667,4.17e-07,1.89,2.23,0.58,1.29,1.7244,2.84509804
0.138888889,0.857142857,0.166666667,4.17e-07,1.83,1.5,0.1,0.82,2.2647,3.522444234
0.48,0.637168142,0.152777778,0.222222222,2.13,2.53,0.59,1.53,2.0043,1.587710965
0.231,0.857142857,0.166666667,4.17e-07,2.13,2.53,0.59,1.53,2.0043,1.371067862
0.314,0.857142857,0.166666667,2.78e-07,2.13,2.53,0.59,1.53,2.0043,1.178976947
0.584,0.923076923,0.083333333,1.04e-07,2.13,2.53,0.59,1.53,2.0043,1.322219295
0.842,0.384,0.125,4.17e-07,2.13,2.53,0.59,1.53,2.0043,1.269512944
2.8191,0.857142857,0.166666667,4.17e-07,1.34,0.92,0.0,0.2,1.0854,2.962211439
2.8191,0.857142857,0.166666667,4.17e-07,1.34,0.94,0.0,0.22,1.2263,3.108423649
2.8191,0.857142857,0.166666667,4.17e-07,1.34,0.92,0.0,0.2,1.0854,2.768777624
2.8191,0.857142857,0.166666667,4.17e-07,1.34,0.94,0.0,0.22,1.2263,2.879089711
2.8191,0.857142857,0.166666667,4.17e-07,1.52,1.05,0.61,0.37,1.1441,2.370787763
1.12,0.857142857,0.166666667,0.0945,2.83,2.74,1.42,2.7,2.5356,2.15490196
0.044280443,0.637168142,0.152777778,0.222222222,1.89,2.23,0.58,1.29,1.7244,2.45331834
0.05,0.857142857,0.166666667,4.17e-07,1.89,2.23,0.58,1.29,1.7244,1.477121255
0.034782609,0.625,0.066666667,0.533333333,1.89,2.23,0.58,1.29,1.7244,1.346352974
0.048,0.923076923,0.083333333,1.04e-07,1.89,2.23,0.58,1.29,1.7244,1.472756449
0.034782609,0.384,0.125,4.17e-07,1.89,2.23,0.58,1.29,1.7244,1.450249108
0.053333333,0.857142857,0.166666667,2.78e-07,1.89,2.23,0.58,1.29,1.7244,1.489958479
0.041666667,0.857142857,0.166666667,4.17e-07,-0.83,0.25,0.31,0.75,1.8763,1.515873844
0.024,0.923076923,0.083333333,1.04e-07,-0.83,0.25,0.31,0.75,1.8763,-1.0
0.018903592,0.384,0.125,4.17e-07,-0.83,0.25,0.31,0.75,1.8763,2.002166062
0.041666667,0.857142857,0.166666667,4.17e-07,-0.69,-0.13,0.51,0.72,1.9174,2.474653253
0.024,0.923076923,0.083333333,1.04e-07,-0.69,-0.13,0.51,0.72,1.9174,1.92890769
0.018903592,0.384,0.125,4.17e-07,-0.69,-0.13,0.51,0.72,1.9174,2.063333359
11.42857143,0.9231,0.0833,0.084,2.2,2.34,0.7,2.52,2.3047,0.624539914
11.42857143,0.9231,0.0833,0.084,2.2,2.34,0.7,2.52,2.3047,0.782722813
11.42857143,0.9231,0.0833,0.084,2.2,2.34,0.7,2.52,2.3047,0.639481439
11.42857143,0.9231,0.0833,0.084,2.2,2.34,0.7,2.52,2.3047,0.541780021
28.57142857,0.9231,0.0833,0.084,2.2,2.34,0.7,2.52,2.3047,0.886768023
57.14285714,0.9231,0.0833,0.0,1.34,0.92,0.0,0.2,1.0854,3.74
5.714285714,0.9231,0.0833,0.0,1.34,0.92,0.0,0.2,1.0854,3.51
2.857142857,0.9231,0.0833,0.0,1.34,0.92,0.0,0.2,1.0854,2.66
57.14285714,0.9231,0.0833,0.0,1.6,1.05,0.0,0.22,1.2586,5.08
5.714285714,0.9231,0.0833,0.0,1.6,1.05,0.0,0.22,1.2586,4.33
2.857142857,0.9231,0.0833,0.0,1.6,1.05,0.0,0.22,1.2586,3.73
57.14285714,0.9231,0.0833,0.0,1.59,1.06,0.0,0.25,1.3565,5.1
5.714285714,0.9231,0.0833,0.0,1.59,1.06,0.0,0.25,1.3565,4.57
2.857142857,0.9231,0.0833,0.0,1.59,1.06,0.0,0.25,1.3565,3.95
57.14285714,0.9231,0.0833,0.0,2.06,1.29,0.0,0.26,1.4544,5.32
5.714285714,0.9231,0.0833,0.0,2.06,1.29,0.0,0.26,1.4544,4.62
2.857142857,0.9231,0.0833,0.0,2.06,1.29,0.0,0.26,1.4544,4.0
57.14285714,0.9231,0.0833,0.0,2.29,1.34,0.0,0.28,1.4544,5.52
5.714285714,0.9231,0.0833,0.0,2.29,1.34,0.0,0.28,1.4544,4.94
2.857142857,0.9231,0.0833,0.0,2.29,1.34,0.0,0.28,1.4544,4.33
57.14285714,0.9231,0.0833,0.0,2.38,1.55,0.0,0.24,1.5846,5.12
5.714285714,0.9231,0.0833,0.0,2.38,1.55,0.0,0.24,1.5846,4.56
2.857142857,0.9231,0.0833,0.0,2.38,1.55,0.0,0.24,1.5846,4.0
57.14285714,0.9231,0.0833,0.0,2.81,1.71,0.0,0.28,1.5846,4.92
5.714285714,0.9231,0.0833,0.0,2.81,1.71,0.0,0.28,1.5846,4.37
2.857142857,0.9231,0.0833,0.0,2.81,1.71,0.0,0.28,1.5846,3.81
57.14285714,0.9231,0.0833,0.0,1.46,1.12,0.0,0.24,1.4466,5.79
5.714285714,0.9231,0.0833,0.0,1.46,1.12,0.0,0.24,1.4466,4.98
2.857142857,0.9231,0.0833,0.0,1.46,1.12,0.0,0.24,1.4466,4.56
57.14285714,0.9231,0.0833,0.0,1.46,1.15,0.0,0.23,1.4466,6.32
5.714285714,0.9231,0.0833,0.0,1.46,1.15,0.0,0.23,1.4466,5.54
2.857142857,0.9231,0.0833,0.0,1.46,1.15,0.0,0.23,1.4466,5.15
57.14285714,0.9231,0.0833,0.0,1.61,1.3,0.0,0.2,1.569,6.13
5.714285714,0.9231,0.0833,0.0,1.61,1.3,0.0,0.2,1.569,5.36
2.857142857,0.9231,0.0833,0.0,1.61,1.3,0.0,0.2,1.569,4.97
57.14285714,0.9231,0.0833,0.0,1.67,1.23,0.0,0.19,1.569,6.56
5.714285714,0.9231,0.0833,0.0,1.67,1.23,0.0,0.19,1.569,5.77
2.857142857,0.9231,0.0833,0.0,1.67,1.23,0.0,0.19,1.569,5.4
57.14285714,0.9231,0.0833,0.0,1.75,1.36,0.0,0.17,1.6914,5.62
5.714285714,0.9231,0.0833,0.0,1.75,1.36,0.0,0.17,1.6914,5.15
2.857142857,0.9231,0.0833,0.0,1.75,1.36,0.0,0.17,1.6914,4.82
57.14285714,0.9231,0.0833,0.0,1.93,1.39,0.0,0.15,1.8138,5.95
5.714285714,0.9231,0.0833,0.0,1.93,1.39,0.0,0.15,1.8138,5.01
2.857142857,0.9231,0.0833,0.0,1.93,1.39,0.0,0.15,1.8138,4.72
57.14285714,0.9231,0.0833,0.0,1.33,0.92,0.06,0.0,1.3284,6.08
5.714285714,0.9231,0.0833,0.0,1.33,0.92,0.06,0.0,1.3284,5.34
2.857142857,0.9231,0.0833,0.0,1.33,0.92,0.06,0.0,1.3284,4.93
57.14285714,0.9231,0.0833,0.0,1.49,0.99,0.0,0.0,1.4508,5.8
5.714285714,0.9231,0.0833,0.0,1.49,0.99,0.0,0.0,1.4508,5.14
2.857142857,0.9231,0.0833,0.0,1.49,0.99,0.0,0.0,1.4508,4.79
57.14285714,0.9231,0.0833,0.0,2.17,1.83,0.0,0.1,2.0586,6.7
5.714285714,0.9231,0.0833,0.0,2.17,1.83,0.0,0.1,2.0586,5.86
2.857142857,0.9231,0.0833,0.0,2.17,1.83,0.0,0.1,2.0586,5.45
57.14285714,0.9231,0.0833,0.0,2.45,1.85,0.0,0.08,2.3034,8.34
5.714285714,0.9231,0.0833,0.0,2.45,1.85,0.0,0.08,2.3034,7.51
2.857142857,0.9231,0.0833,0.0,2.45,1.85,0.0,0.08,2.3034,7.28
57.14285714,0.9231,0.0833,0.0,2.59,2.0,0.0,0.06,2.4258,7.37
5.714285714,0.9231,0.0833,0.0,2.59,2.0,0.0,0.06,2.4258,6.59
2.857142857,0.9231,0.0833,0.0,2.59,2.0,0.0,0.06,2.4258,6.39
71.42857143,0.9231,0.0833,0.0,2.81,1.71,0.0,0.28,1.5846,3.0
71.42857143,0.9231,0.0833,0.0,2.32,1.41,0.0,0.26,2.0829,3.15490196
71.42857143,0.9231,0.0833,0.0,1.61,1.56,0.99,0.91,1.8643,0.096910013
71.42857143,0.9231,0.0833,0.0,1.56,1.78,1.06,0.66,1.5825,2.301029996
71.42857143,0.9231,0.0833,0.0,0.77,0.88,0.55,0.36,2.0432,3.096910013
85.0,0.8571,0.1667,0.0,2.38,1.55,0.0,0.24,1.5846,0.176091259
85.0,0.8571,0.1667,0.0,2.06,1.29,0.0,0.26,1.4544,0.096910013
85.63,0.9231,0.0833,0.0,1.98,2.5,0.05,2.39,2.2724,0.497324641
19.48,0.9231,0.0833,0.044,1.98,2.5,0.05,2.39,2.2724,0.776484091
85.63,0.9231,0.0833,0.0,2.39,2.76,0.46,2.28,2.5043,0.346787486
19.48,0.9231,0.0833,0.044,2.39,2.76,0.46,2.28,2.5043,0.604183685
0.077220077,0.9231,0.0833,0.0,2.2,2.34,0.7,2.52,2.3047,-1.087150175
4.285714286,0.384,0.125,0.0,2.2,2.34,0.7,2.52,2.3047,-1.062147905
0.057915058,0.384,0.125,0.0,2.2,2.34,0.7,2.52,2.3047,-0.927449334
142.8571429,0.9809,0.083333333,0.019471914,2.2,2.34,0.7,2.52,2.3047,-1.146128038
7.419,0.958,0.083333333,0.044,2.81,1.71,0.0,0.28,1.5846,2.124938736
7.419,0.958,0.083333333,0.044,0.77,0.88,0.55,0.36,2.0432,1.045757491
0.84,0.923076923,0.085,0.044,2.81,1.71,0.0,0.28,1.5846,0.942008053
2.82,0.384,0.113,0.062,2.81,1.71,0.0,0.28,1.5846,1.544068044
1.08,0.625,0.069,0.283,2.81,1.71,0.0,0.28,1.5846,1.367976785
0.65,0.857142857,0.14,0.036,2.81,1.71,0.0,0.28,1.5846,1.22184875
0.31,0.591240876,0.126,0.37,2.81,1.71,0.0,0.28,1.5846,1.903089987
0.98,0.857142857,0.152,0.01,2.81,1.71,0.0,0.28,1.5846,1.62838893
0.84,0.923076923,0.085,0.044,0.77,0.88,0.55,0.36,2.0432,0.352182518
2.82,0.384,0.113,0.062,0.77,0.88,0.55,0.36,2.0432,0.522878745
1.08,0.625,0.069,0.283,0.77,0.88,0.55,0.36,2.0432,0.522878745
0.65,0.857142857,0.14,0.036,0.77,0.88,0.55,0.36,2.0432,0.397940009
0.31,0.591240876,0.126,0.37,0.77,0.88,0.55,0.36,2.0432,1.477121255
0.98,0.857142857,0.152,0.01,0.77,0.88,0.55,0.36,2.0432,0.352182518
0.0416,0.8412,0.1888,0.8889,0.73,0.9,0.59,0.4,0.9317,1.0
0.0416,0.8412,0.1888,0.8889,1.89,2.23,0.58,1.29,1.7244,1.204119983
0.0416,0.8412,0.1888,0.8889,2.13,2.53,0.59,1.53,2.0043,0.954242509
0.0022,0.8334,0.1999,0.8889,0.73,0.9,0.59,0.4,0.9317,0.84509804
0.0022,0.8334,0.1999,0.8889,1.89,2.23,0.58,1.29,1.7244,0.477121255
0.0022,0.8334,0.1999,0.8889,2.13,2.53,0.59,1.53,2.0043,1.280373466
0.0166,0.8336,0.1996,0.8889,0.73,0.9,0.59,0.4,0.9317,1.273556814
0.0166,0.8336,0.1996,0.8889,1.89,2.23,0.58,1.29,1.7244,0.0
0.0166,0.8336,0.1996,0.8889,2.13,2.53,0.59,1.53,2.0043,1.168202747
0.0431,0.8097,0.235,0.8889,0.73,0.9,0.59,0.4,0.9317,1.113943352
0.0431,0.8097,0.235,0.8889,1.89,2.23,0.58,1.29,1.7244,1.842534355
0.0431,0.8097,0.235,0.8889,2.13,2.53,0.59,1.53,2.0043,1.230448921
2.3,0.551,0.024198427,0.018602541,1.15,1.58,0.0,0.49,1.2057,2.42
2.3,0.551,0.024198427,0.018602541,1.34,0.92,0.0,0.2,1.0854,3.45
2.3,0.551,0.024198427,0.018602541,2.06,1.29,0.0,0.26,1.4544,4.83
2.3,0.551,1.024198427,0.018602541,1.18,0.92,0.0,0.0,1.206,4.66
2.3,0.551,0.024198427,0.018602542,0.96,0.82,0.54,0.17,1.0199,1.82
3.1,0.849,0.015704751,0.017765999,1.15,1.58,0.0,0.49,1.2057,2.35
3.1,0.849,0.015704751,0.017765999,1.34,0.92,0.0,0.2,1.0854,2.93
3.1,0.849,0.015704751,0.017765999,2.06,1.29,0.0,0.26,1.4544,3.23
3.1,0.849,1.015704751,0.017765999,1.18,0.92,0.0,0.0,1.206,3.49
3.1,0.849,0.015704751,0.017765998,0.96,0.82,0.54,0.17,1.0199,1.83
1.3,0.844,0.015797788,0.017871248,1.15,1.58,0.0,0.49,1.2057,2.35
1.3,0.844,0.015797788,0.017871248,1.34,0.92,0.0,0.2,1.0854,3.35
1.3,0.844,0.015797788,0.017871248,2.06,1.29,0.0,0.26,1.4544,4.18
5.6,0.861,0.015485869,0.016744096,1.15,1.58,0.0,0.49,1.2057,2.16
5.6,0.861,0.015485869,0.016744096,1.34,0.92,0.0,0.2,1.0854,3.12
5.6,0.861,0.015485869,0.01674096,2.06,1.29,0.0,0.26,1.4544,4.13
0.6452,0.8571,0.0,0.1667,2.06,1.59,0.0,0.11,1.9362,7.108752067
0.038,0.8571,0.0,0.1667,0.87,1.11,0.0,0.28,0.8906,1.385750846
0.0258,0.8571,0.0,0.1667,1.73,1.55,0.47,0.45,1.8088,3.474776378
0.6452,0.8571,0.0,0.1667,1.77,1.33,0.0,0.15,1.6914,5.178249211
0.2151,0.8571,0.0,0.1667,0.87,1.11,0.0,0.28,0.8906,2.139078513
0.6452,0.8571,0.0,0.1667,1.9,1.48,0.0,0.15,1.8138,5.368421041
0.6452,0.8571,0.0,0.1667,2.18,1.74,0.0,0.11,2.0586,7.275193211
0.6452,0.8571,0.0,0.1667,1.76,1.33,0.0,0.15,1.6914,4.948462821
0.129,0.8571,0.0,0.1667,0.87,1.11,0.0,0.28,0.8906,1.917229763
0.0633,0.8571,0.0,0.1667,0.87,1.11,0.0,0.28,0.8906,1.607599596
0.6452,0.8571,0.0,0.1667,2.18,1.74,0.0,0.11,2.0586,6.53509703
0.129,0.8571,0.0,0.1667,2.06,1.29,0.0,0.26,1.4544,4.294158962
0.0633,0.8571,0.0,0.1667,2.06,1.29,0.0,0.26,1.4544,3.984528794
0.6452,0.8571,0.0,0.1667,1.94,1.44,0.0,0.11,1.8138,5.762905684
0.6452,0.8571,0.0,0.1667,1.76,1.33,0.0,0.15,1.6914,5.507335483
0.038,0.8571,0.0,0.1667,2.06,1.29,0.0,0.26,1.4544,3.762680045
0.2151,0.8571,0.0,0.1667,2.06,1.29,0.0,0.26,1.4544,4.516007711
0.6452,0.8571,0.0,0.1667,2.06,1.59,0.0,0.11,1.9362,5.653543359
0.1434,0.8571,0.0,0.1667,1.89,2.23,0.58,1.29,1.7244,1.959177279
0.6452,0.8571,0.0,0.1667,2.34,1.75,0.0,0.0,2.007,6.327884052
0.6452,0.8571,0.0,0.1667,2.18,1.74,0.0,0.11,2.0586,5.901694627
0.6452,0.8571,0.0,0.1667,1.94,1.44,0.0,0.11,1.8138,5.978146894
5.71,0.9231,0.0,0.08333,3.63,1.84,0.0,0.42,1.9536,2.883303634
1.14,0.9231,0.0,0.08333,3.63,1.84,0.0,0.42,1.9536,2.006893708
5.71,0.9231,0.008,0.08333,2.13,2.53,0.59,1.53,2.0043,0.274157849
5.71,0.9231,0.008,0.08333,1.34,0.92,0.0,0.2,1.0854,1.368472838
5.71,0.9231,0.008,0.08333,2.06,1.29,0.0,0.26,1.4544,1.474507639
5.71,0.9231,0.008,0.08333,2.81,1.71,0.0,0.28,1.5846,1.600972896
0.019,0.384,0.0,0.125,2.06,1.29,0.0,0.26,1.4544,3.358886204
0.019,0.384,0.0,0.125,1.81,1.76,0.0,0.16,2.218,5.020299118
0.019,0.384,0.0,0.125,0.64,1.25,0.0,1.02,3.4014,4.076166939
0.029,0.8571,0.0,0.1667,2.06,1.29,0.0,0.26,1.4544,4.712076998
0.029,0.8571,0.0,0.1667,1.81,1.76,0.0,0.16,2.218,4.986287921
0.029,0.8571,0.0,0.1667,0.64,1.25,0.0,1.02,3.4014,4.993409775
19.32,0.384,0.0,0.125,1.81,1.76,0.0,0.16,2.218,5.171258639
27.92,0.8571,0.0,0.1667,1.81,1.76,0.0,0.16,2.218,5.1930618
